Nachname,Name,Typ,Beschreibung,Anzeigename,Position,Firma
McGee,alisa.mcgee,Benutzer,Alisa McGee, Lehrer Gym,Alisa McGee, , 
Maisch,birgit.maisch,Benutzer,Birgit Maisch, Lehrer Gym,Birgit Maisch, , 
Michel,florian.michel,Benutzer,Florian Michel, Lehrer Gym,Florian Michel, , 
Meurer,friedrich.meurer,Benutzer,Friedrich Meurer, Lehrer Gym,Friedrich Meurer, , 
Neuberger,lasse.neuberger,Benutzer,Lasse Neuberger, Lehrer Gym,Lasse Neuberger, , 
Moss,luise.moss,Benutzer,Luise Moss, Lehrer Gym,Luise Moss, , 
Pittman,edith.pittman,Benutzer,Edith Pittman, Lehrer Gym,Edith Pittman, , 
Schleicher,matthis.schleicher,Benutzer,Matthis Schleicher, Lehrer Gym,Matthis Schleicher, , 
Schauer,michelle.schauer,Benutzer,Michelle Schauer, Lehrer Gym,Michelle Schauer, , 
Reese,stina.reese,Benutzer,Stina Reese, Lehrer Gym,Stina Reese, , 
Ralf,zoé.ralf,Benutzer,Zoé Ralf, Lehrer Gym,Zoé Ralf, , 
Crawford,barbara.crawford,Benutzer,Barbara Crawford, Lehrer Gym,Barbara Crawford, , 
Dahms,diana.dahms,Benutzer,Diana Dahms, Lehrer Gym,Diana Dahms, , 
Damm,dustin.damm,Benutzer,Dustin Damm, Lehrer Gym,Dustin Damm, , 
Dahm,enrico.dahm,Benutzer,Enrico Dahm, Lehrer Gym,Enrico Dahm, , 
Dachser,frederic.dachser,Benutzer,Frederic Dachser, Lehrer Gym,Frederic Dachser, , 
Cooper,gabriele.cooper,Benutzer,Gabriele Cooper, Lehrer Gym,Gabriele Cooper, , 
Curtis,herta.curtis,Benutzer,Herta Curtis, Lehrer Gym,Herta Curtis, , 
Daniel,janine.daniel,Benutzer,Janine Daniel, Lehrer Gym,Janine Daniel, , 
Cortez,jasper.cortez,Benutzer,Jasper Cortez, Lehrer Gym,Jasper Cortez, , 
Cross,jennifer.cross,Benutzer,Jennifer Cross, Lehrer Gym,Jennifer Cross, , 
Daum,jonathan.daum,Benutzer,Jonathan Daum, Lehrer Gym,Jonathan Daum, , 
Cross,karin.cross,Benutzer,Karin Cross, Lehrer Gym,Karin Cross, , 
Cummings,karoline.cummings,Benutzer,Karoline Cummings, Lehrer Gym,Karoline Cummings, , 
Dannenberg,leah.dannenberg,Benutzer,Leah Dannenberg, Lehrer Gym,Leah Dannenberg, , 
Dahms,leif.dahms,Benutzer,Leif Dahms, Lehrer Gym,Leif Dahms, , 
Dachser,malte.dachser,Benutzer,Malte Dachser, Lehrer Gym,Malte Dachser, , 
Dahlke,mattis.dahlke,Benutzer,Mattis Dahlke, Lehrer Gym,Mattis Dahlke, , 
Cruz,miguel.cruz,Benutzer,Miguel Cruz, Lehrer Gym,Miguel Cruz, , 
Curry,monika.curry,Benutzer,Monika Curry, Lehrer Gym,Monika Curry, , 
Cunningham,natalie.cunningham,Benutzer,Natalie Cunningham, Lehrer Gym,Natalie Cunningham, , 
Dammann,pauline.dammann,Benutzer,Pauline Dammann, Lehrer Gym,Pauline Dammann, , 
Damm,rolf.damm,Benutzer,Rolf Damm, Lehrer Gym,Rolf Damm, , 
Dahm,ronja.dahm,Benutzer,Ronja Dahm, Lehrer Gym,Ronja Dahm, , 
Dannenberg,sophia.dannenberg,Benutzer,Sophia Dannenberg, Lehrer Gym,Sophia Dannenberg, , 
Cremer,sophie.cremer,Benutzer,Sophie Cremer, Lehrer Gym,Sophie Cremer, , 
Daniel,tom.daniel,Benutzer,Tom Daniel, Lehrer Gym,Tom Daniel, , 
Cramer,vanessa.cramer,Benutzer,Vanessa Cramer, Lehrer Gym,Vanessa Cramer, , 
Kastner,bennett.kastner,Benutzer,Kastner Bennett, Lehrer Handel,Kastner Bennett, , 
Heuser,bernd.heuser,Benutzer,Heuser Bernd, Lehrer Handel,Heuser Bernd, , 
Kiefer,berndt.kiefer,Benutzer,Kiefer Berndt, Lehrer Handel,Kiefer Berndt, , 
Owens,bernd.owens,Benutzer,Owens Bernd, Lehrer Handel,Owens Bernd, , 
Pabst,berndt.pabst,Benutzer,Pabst Berndt, Lehrer Handel,Pabst Berndt, , 
Reiners,berndt.reiners,Benutzer,Reiners Berndt, Lehrer Handel,Reiners Berndt, , 
Roesner,berndt.roesner,Benutzer,Roesner Berndt, Lehrer Handel,Roesner Berndt, , 
Schwindt,bettina.schwindt,Benutzer,Schwindt Bettina, Lehrer Handel,Schwindt Bettina, , 
Wenig,anja.wenig,Benutzer,Wenig Anja, Lehrer Handel,Wenig Anja, , 
Sievert,bennett.sievert,Benutzer,Sievert Bennett, Lehrer Handel,Sievert Bennett, , 
Spahn,bennett.spahn,Benutzer,Spahn Bennett, Lehrer Handel,Spahn Bennett, , 
Siegl,bernd.siegl,Benutzer,Siegl Bernd, Lehrer Handel,Siegl Bernd, , 
Vogl,bernd.vogl,Benutzer,Vogl Bernd, Lehrer Handel,Vogl Bernd, , 
Tappe,berndt.tappe,Benutzer,Tappe Berndt, Lehrer Handel,Tappe Berndt, , 
Voss,carsten.voss,Benutzer,Voss Carsten, Lehrer Handel,Voss Carsten, , 
Volz,eric.volz,Benutzer,Volz Eric, Lehrer Handel,Volz Eric, , 
Uhlemann,jennifer.uhlemann,Benutzer,Uhlemann Jennifer, Lehrer Handel,Uhlemann Jennifer, , 
Weigel,jessika.weigel,Benutzer,Weigel Jessika, Lehrer Handel,Weigel Jessika, , 
Stanley,kira.stanley,Benutzer,Stanley Kira, Lehrer Handel,Stanley Kira, , 
Thaler,klaus.thaler,Benutzer,Thaler Klaus, Lehrer Handel,Thaler Klaus, , 
Vega,samuel.vega,Benutzer,Vega Samuel, Lehrer Handel,Vega Samuel, , 
Struck,silvia.struck,Benutzer,Struck Silvia, Lehrer Handel,Struck Silvia, , 
Bross,bennett.bross,Benutzer,Bross Bennett, Lehrer Handel,Bross Bennett, , 
Brueckmann,bennett.brueckmann,Benutzer,Brueckmann Bennett, Lehrer Handel,Brueckmann Bennett, , 
Bastian,berndt.bastian,Benutzer,Bastian Berndt, Lehrer Handel,Bastian Berndt, , 
Derksen,bernhard.derksen,Benutzer,Derksen Bernhard, Lehrer Handel,Derksen Bernhard, , 
Groth,bennett.groth,Benutzer,Groth Bennett, Lehrer Handel,Groth Bennett, , 
Ehrlich,bernd.ehrlich,Benutzer,Ehrlich Bernd, Lehrer Handel,Ehrlich Bernd, , 
Haake,bernd.haake,Benutzer,Haake Bernd, Lehrer Handel,Haake Bernd, , 
Eden,bernhard.eden,Benutzer,Eden Bernhard, Lehrer Handel,Eden Bernhard, , 
Hernandez,axel.hernandez,Benutzer,Axel Hernandez, Lehrer Sekundar,Axel Hernandez, , 
Knapp,baerbel.knapp,Benutzer,Baerbel Knapp, Lehrer Sekundar,Baerbel Knapp, , 
Hilscher,carolina.hilscher,Benutzer,Carolina Hilscher, Lehrer Sekundar,Carolina Hilscher, , 
Klein,chantale.klein,Benutzer,Chantale Klein, Lehrer Sekundar,Chantale Klein, , 
Heyer,cornelia.heyer,Benutzer,Cornelia Heyer, Lehrer Sekundar,Cornelia Heyer, , 
Kohn,marlis.kohn,Benutzer,Marlis Kohn, Lehrer Sekundar,Marlis Kohn, , 
Hille,thore.hille,Benutzer,Thore Hille, Lehrer Sekundar,Thore Hille, , 
Kemmer,torben.kemmer,Benutzer,Torben Kemmer, Lehrer Sekundar,Torben Kemmer, , 
Hertel,wilfried.hertel,Benutzer,Wilfried Hertel, Lehrer Sekundar,Wilfried Hertel, , 
Ludwig,karlo.ludwig,Benutzer,Karlo Ludwig, Lehrer Sekundar,Karlo Ludwig, , 
Luna,leah.luna,Benutzer,Leah Luna, Lehrer Sekundar,Leah Luna, , 
Brutto,alfred.brutto,Benutzer,Alfred Brutto, Lehrer Sekundar,Alfred Brutto, , 
Burghardt,alfred.burghardt,Benutzer,Alfred Burghardt, Lehrer Sekundar,Alfred Burghardt, , 
Buerger,ali.buerger,Benutzer,Ali Buerger, Lehrer Sekundar,Ali Buerger, , 
Bruns,andré.bruns,Benutzer,André Bruns, Lehrer Sekundar,André Bruns, , 
Buck,angelika.buck,Benutzer,Angelika Buck, Lehrer Sekundar,Angelika Buck, , 
Brueggemann,antje.brueggemann,Benutzer,Antje Brueggemann, Lehrer Sekundar,Antje Brueggemann, , 
Busche,arne.busche,Benutzer,Arne Busche, Lehrer Sekundar,Arne Busche, , 
Buehler,arthur.buehler,Benutzer,Arthur Buehler, Lehrer Sekundar,Arthur Buehler, , 
Burkhard,bettina.burkhard,Benutzer,Bettina Burkhard, Lehrer Sekundar,Bettina Burkhard, , 
Burgess,bjarne.burgess,Benutzer,Bjarne Burgess, Lehrer Sekundar,Bjarne Burgess, , 
Butler,caja.butler,Benutzer,Caja Butler, Lehrer Sekundar,Caja Butler, , 
Carmen,carlotta.carmen,Benutzer,Carlotta Carmen, Lehrer Sekundar,Carlotta Carmen, , 
Carlson,cedric.carlson,Benutzer,Cedric Carlson, Lehrer Sekundar,Cedric Carlson, , 
Buck,céline.buck,Benutzer,Céline Buck, Lehrer Sekundar,Céline Buck, , 
Busche,chantale.busche,Benutzer,Chantale Busche, Lehrer Sekundar,Chantale Busche, , 
Buescher,chiara.buescher,Benutzer,Chiara Buescher, Lehrer Sekundar,Chiara Buescher, , 
Brutto,christine.brutto,Benutzer,Christine Brutto, Lehrer Sekundar,Christine Brutto, , 
Cao,emilia.cao,Benutzer,Emilia Cao, Lehrer Sekundar,Emilia Cao, , 
Cao,fiona.cao,Benutzer,Fiona Cao, Lehrer Sekundar,Fiona Cao, , 
Carr,friederike.carr,Benutzer,Friederike Carr, Lehrer Sekundar,Friederike Carr, , 
Brutto,ian.brutto,Benutzer,Ian Brutto, Lehrer Sekundar,Ian Brutto, , 
Carlson,inge.carlson,Benutzer,Inge Carlson, Lehrer Sekundar,Inge Carlson, , 
Cain,jacob.cain,Benutzer,Jacob Cain, Lehrer Sekundar,Jacob Cain, , 
Brunner,janina.brunner,Benutzer,Janina Brunner, Lehrer Sekundar,Janina Brunner, , 
Buescher,jannik.buescher,Benutzer,Jannik Buescher, Lehrer Sekundar,Jannik Buescher, , 
Budde,jens.budde,Benutzer,Jens Budde, Lehrer Sekundar,Jens Budde, , 
Buechner,jill.buechner,Benutzer,Jill Buechner, Lehrer Sekundar,Jill Buechner, , 
Bryan,joel.bryan,Benutzer,Joel Bryan, Lehrer Sekundar,Joel Bryan, , 
Buettner,jonah.buettner,Benutzer,Jonah Buettner, Lehrer Sekundar,Jonah Buettner, , 
Buchner,justin.buchner,Benutzer,Justin Buchner, Lehrer Sekundar,Justin Buchner, , 
Buehler,karoline.buehler,Benutzer,Karoline Buehler, Lehrer Sekundar,Karoline Buehler, , 
Buchanan,katrin.buchanan,Benutzer,Katrin Buchanan, Lehrer Sekundar,Katrin Buchanan, , 
Carl,kay.carl,Benutzer,Kay Carl, Lehrer Sekundar,Kay Carl, , 
Bucher,kaya.bucher,Benutzer,Kaya Bucher, Lehrer Sekundar,Kaya Bucher, , 
Bruckner,kerstin.bruckner,Benutzer,Kerstin Bruckner, Lehrer Sekundar,Kerstin Bruckner, , 
Brueckmann,leandra.brueckmann,Benutzer,Leandra Brueckmann, Lehrer Sekundar,Leandra Brueckmann, , 
Bruckner,lena.bruckner,Benutzer,Lena Bruckner, Lehrer Sekundar,Lena Bruckner, , 
Byrd,lewin.byrd,Benutzer,Lewin Byrd, Lehrer Sekundar,Lewin Byrd, , 
Buss,lilian.buss,Benutzer,Lilian Buss, Lehrer Sekundar,Lilian Buss, , 
Buck,lilli.buck,Benutzer,Lilli Buck, Lehrer Sekundar,Lilli Buck, , 
Carsten,maik.carsten,Benutzer,Maik Carsten, Lehrer Sekundar,Maik Carsten, , 
Burke,maike.burke,Benutzer,Maike Burke, Lehrer Sekundar,Maike Burke, , 
Burke,marion.burke,Benutzer,Marion Burke, Lehrer Sekundar,Marion Burke, , 
Buck,marius.buck,Benutzer,Marius Buck, Lehrer Sekundar,Marius Buck, , 
Burke,marius.burke,Benutzer,Marius Burke, Lehrer Sekundar,Marius Burke, , 
Carmen,marten.carmen,Benutzer,Marten Carmen, Lehrer Sekundar,Marten Carmen, , 
Buechner,matilda.buechner,Benutzer,Matilda Buechner, Lehrer Sekundar,Matilda Buechner, , 
Buehler,matthies.buehler,Benutzer,Matthies Buehler, Lehrer Sekundar,Matthies Buehler, , 
Busse,melanie.busse,Benutzer,Melanie Busse, Lehrer Sekundar,Melanie Busse, , 
Brunner,miriam.brunner,Benutzer,Miriam Brunner, Lehrer Sekundar,Miriam Brunner, , 
Buettner,mohammed.buettner,Benutzer,Mohammed Buettner, Lehrer Sekundar,Mohammed Buettner, , 
Carl,niclas.carl,Benutzer,Niclas Carl, Lehrer Sekundar,Niclas Carl, , 
Caldwell,nicolas.caldwell,Benutzer,Nicolas Caldwell, Lehrer Sekundar,Nicolas Caldwell, , 
Burns,patrik.burns,Benutzer,Patrik Burns, Lehrer Sekundar,Patrik Burns, , 
Buchner,ruben.buchner,Benutzer,Ruben Buchner, Lehrer Sekundar,Ruben Buchner, , 
Carlson,sarah.carlson,Benutzer,Sarah Carlson, Lehrer Sekundar,Sarah Carlson, , 
Buchholz,sascha.buchholz,Benutzer,Sascha Buchholz, Lehrer Sekundar,Sascha Buchholz, , 
Budde,sigrid.budde,Benutzer,Sigrid Budde, Lehrer Sekundar,Sigrid Budde, , 
Campbell,smilla.campbell,Benutzer,Smilla Campbell, Lehrer Sekundar,Smilla Campbell, , 
Can,thorben.can,Benutzer,Thorben Can, Lehrer Sekundar,Thorben Can, , 
Burgess,tim.burgess,Benutzer,Tim Burgess, Lehrer Sekundar,Tim Burgess, , 
Buettner,willi.buettner,Benutzer,Willi Buettner, Lehrer Sekundar,Willi Buettner, , 
Bruns,xenia.bruns,Benutzer,Xenia Bruns, Lehrer Sekundar,Xenia Bruns, , 
Buesch,yannic.buesch,Benutzer,Yannic Buesch, Lehrer Sekundar,Yannic Buesch, , 
